"Time (s)","Linear Acceleration x (m/s^2)","Linear Acceleration y (m/s^2)","Linear Acceleration z (m/s^2)","Absolute acceleration (m/s^2)"
-4.957499914E-4,-3.530223194E-1,-5.004450613E-1,4.286032462E-1,7.475097057E-1
9.467250202E-3,-2.131313760E-1,-4.369812830E-1,5.778575188E-1,7.551800693E-1
1.943024993E-2,-6.160831064E-2,-4.039046073E-1,5.058905733E-1,6.502767010E-1
2.939224988E-2,-3.003134527E-2,-4.106356296E-1,3.391993189E-1,5.334601015E-1
3.935525008E-2,1.247917515E-1,-3.056668527E-1,1.907964009E-1,3.813246290E-1
4.931825027E-2,3.025404562E-1,-1.621981077E-1,2.190238345E-1,4.071982242E-1
5.928125000E-2,3.407925390E-1,-8.584253445E-2,3.120623910E-1,4.699908842E-1
6.924324995E-2,3.513238129E-1,-8.704852268E-2,3.120694077E-1,4.779049927E-1
7.920625014E-2,4.284894082E-1,-1.470674139E-1,3.303858107E-1,5.607020431E-1
8.916924987E-2,6.093580775E-1,-9.321558103E-2,3.422913265E-1,7.051026616E-1
9.913225006E-2,1.090210654E0,-2.534607187E-2,5.351862931E-1,1.214753498E0
1.090952503E-1,1.478284290E0,6.533912659E-2,8.989795858E-1,1.731403460E0
1.190572502E-1,1.484812122E0,5.730549082E-2,9.000010943E-1,1.737225641E0
1.290202499E-1,2.026107147E0,-7.367199361E-2,9.626048934E-1,2.244358687E0
1.389832501E-1,2.199931859E0,-3.722746789E-2,8.536478770E-1,2.360042535E0
1.489462499E-1,2.335793669E0,-1.644855385E-1,7.164669353E-1,2.448736904E0
1.589082503E-1,2.398466757E0,-3.354334196E-1,7.234911954E-1,2.527567581E0
1.688712500E-1,2.401563443E0,-3.627603820E-1,7.274047369E-1,2.535393404E0
1.788342502E-1,2.599418018E0,-4.654601468E-1,6.469780397E-1,2.718861483E0
1.887972499E-1,2.807818338E0,-4.400974104E-1,5.958862388E-1,2.903895653E0
1.987602501E-1,2.813881316E0,-3.375854874E-1,4.502508080E-1,2.869602379E0
2.087222501E-1,2.760381047E0,-3.205031392E-1,2.912556589E-1,2.794146676E0
2.186852503E-1,2.773231181E0,-3.612912691E-1,2.978577501E-1,2.812483209E0
2.286482500E-1,2.776834235E0,-1.022327185E-2,-1.186049223E-1,2.779384826E0
2.386112502E-1,3.181369172E0,2.513335016E-1,-2.336775416E-1,3.199825547E0
2.485732501E-1,3.328317595E0,4.381561348E-1,-3.092218137E-1,3.371245607E0
2.585362499E-1,3.278295250E0,5.644288033E-1,-3.899402869E-1,3.349306353E0
2.684992501E-1,3.065002856E0,5.422761883E-1,-4.362449723E-1,3.143026511E0
2.784622503E-1,3.063165076E0,5.135492563E-1,-4.308877534E-1,3.135662192E0
2.884252500E-1,2.334722605E0,1.919383621E-1,-5.865160757E-1,2.414906020E0
2.983878748E-1,2.007952712E0,-2.502359793E-2,-5.581032854E-1,2.084221570E0
3.083508750E-1,2.021132336E0,-3.997156620E-2,-3.673916692E-1,2.054641157E0
3.183138752E-1,1.954604909E0,-1.153003684E-1,-4.641069549E-1,2.012254902E0
3.282768750E-1,2.007447074E0,-2.001009290E-1,-4.221350563E-1,2.061087612E0
3.382388749E-1,1.996049535E0,-2.087146086E-1,-4.203686124E-1,2.050484164E0
3.482018751E-1,1.364325273E0,1.214807291E-1,-4.665686327E-1,1.447006326E0
3.581648748E-1,1.362235478E0,2.352618447E-1,-5.717343146E-1,1.495965829E0
3.681278750E-1,1.315305872E0,2.202875639E-1,-5.680283493E-1,1.449555916E0
3.780908752E-1,1.401425857E0,3.471793064E-1,-7.790619636E-1,1.640568635E0
3.880528752E-1,1.346198759E0,3.477204663E-1,-7.777668053E-1,1.593135846E0
3.980158749E-1,9.067625222E-1,-1.395334227E-1,-8.024134040E-1,1.218833507E0
4.079788751E-1,5.815523013E-1,-3.617850664E-1,-6.981511170E-1,9.780115007E-1
4.179418753E-1,5.384676775E-1,-3.298412888E-1,-7.027259785E-1,9.447573849E-1
4.279038752E-1,-4.523472175E-1,-6.330647363E-1,-6.991094756E-1,1.046012918E0
4.378668750E-1,-4.926499189E-1,-7.298474112E-1,-3.565567786E-1,9.500073276E-1
4.478298752E-1,-1.639595083E-1,-5.784727921E-1,1.492086643E-1,6.194971485E-1
4.577928749E-1,3.155322019E-2,-4.577108319E-1,1.640202463E-1,4.872344944E-1
4.677548748E-1,4.097709360E-1,-3.866464041E-1,2.798494953E-1,6.290654989E-1
4.777178750E-1,2.076768009E-1,-4.901912378E-1,1.262641901E-1,5.471377787E-1
4.876808752E-1,2.032878808E-1,-4.330912766E-1,1.171401948E-1,4.925604953E-1
4.976438750E-1,-6.158142807E-1,-7.986662158E-1,2.224187279E-1,1.032746360E0
5.076068752E-1,-8.675679047E-1,-1.022098412E0,3.377550566E-1,1.382547544E0
5.175688751E-1,-8.468083888E-1,-1.002911505E0,5.860418665E-1,1.437484262E0
5.275318748E-1,-8.016923692E-1,-1.019681758E0,5.900179732E-1,1.424985176E0
5.374948750E-1,-8.807932833E-1,-9.865757002E-1,5.920574820E-1,1.449020525E0
5.474578752E-1,-6.134449158E-1,-1.042789370E0,8.621339411E-1,1.485597276E0
5.574198752E-1,-5.716132772E-1,-1.079093124E0,1.135277265E0,1.667344648E0
5.673828749E-1,-6.483869264E-1,-1.271885472E0,1.030563573E0,1.760726991E0
5.773458751E-1,-6.426642564E-1,-1.140808438E0,1.324399023E0,1.862389329E0
5.873088753E-1,-1.217232789E0,-8.706124038E-1,1.060634049E0,1.834275390E0
5.972718750E-1,-1.620514888E0,-6.520586854E-1,4.829104310E-1,1.812305580E0
6.072338750E-1,-1.771768908E0,-5.000321748E-1,1.592021406E-1,1.847848089E0
6.171968752E-1,-1.967985678E0,-3.213850455E-1,-3.135686338E-1,2.018559205E0
6.271598749E-1,-1.851439852E0,-7.245716147E-2,-5.375123155E-1,1.929248314E0
6.371228751E-1,-1.760364060E0,-1.782289072E-1,-5.348641115E-1,1.848439013E0
6.470848750E-1,-1.593853192E0,-3.023114280E-1,-2.500561774E-1,1.641428734E0
6.570478752E-1,-1.294854212E0,-2.782763019E-1,2.437014234E-1,1.346653450E0
6.670108750E-1,-5.989557347E-1,-5.911811306E-1,8.572713965E-1,1.201314842E0
6.769738751E-1,3.123579678E-1,-5.693026768E-1,1.902015637E0,2.009810071E0
6.869358751E-1,4.099155450E-1,-4.219234601E-1,1.986058252E0,2.071346794E0
6.968988753E-1,3.033974022E-3,-4.921212575E-1,1.340677087E0,1.428148307E0
7.068618750E-1,-6.145834418E-1,-5.532903691E-1,5.503276581E-1,9.933295378E-1
7.168248752E-1,-1.082234833E0,-1.733107410E-1,-4.147248799E-1,1.171864144E0
7.267878749E-1,-1.181607239E0,3.249172754E-1,-1.114246584E0,1.656294767E0
7.367498749E-1,-1.191895415E0,6.595856600E-1,-1.620124294E0,2.116712227E0
7.467128751E-1,-9.070583913E-1,6.332530897E-1,-1.668772543E0,2.002140405E0
7.566758753E-1,-2.068996328E-1,3.961274450E-1,-9.605215305E-1,1.059398896E0
7.666388750E-1,2.178177001E-1,2.533032093E-1,-8.287492633E-2,3.442024400E-1
7.766008750E-1,5.778203890E-1,-1.859819497E-1,6.495987618E-1,8.890693105E-1
7.865638752E-1,7.213306493E-1,-5.388424109E-1,9.022522724E-1,1.274648270E0
7.965268749E-1,5.696851578E-1,-7.146668699E-1,8.789101875E-1,1.267979902E0
8.064898751E-1,1.803963970E-1,-8.955143796E-1,4.881606460E-1,1.035755608E0
8.164518750E-1,-5.290312216E-2,-7.206791963E-1,-1.569579792E-1,7.394680869E-1
8.264148752E-1,-1.487686613E-1,-4.117436039E-1,-6.266823542E-1,7.644577706E-1
8.363778749E-1,-1.463844591E-1,-1.688110162E-1,-9.053214759E-1,9.324872888E-1
8.463408751E-1,2.970736384E-2,-2.651902333E-2,-7.833754545E-1,7.843869510E-1
8.563038749E-1,2.199827778E-1,-1.108973419E-1,-3.669314933E-1,4.419608170E-1
8.662658753E-1,2.812591128E-1,-2.619719989E-1,4.996621192E-2,3.875985540E-1
8.762288750E-1,4.002980447E-1,-3.448100147E-1,2.644771653E-1,5.908304679E-1
8.861918752E-1,6.543462624E-1,-3.910906535E-1,2.035257894E-1,7.890143707E-1
8.961548749E-1,6.685517804E-1,-3.506940678E-1,1.044312716E-1,7.621375878E-1
9.061168749E-1,2.578341436E-1,-4.526611034E-1,-4.422044545E-1,6.833193249E-1
9.160798751E-1,-4.736186206E-2,-3.362716911E-1,-1.090864738E0,1.142500623E0
9.260428753E-1,6.165742725E-3,-9.638893805E-2,-1.276982782E0,1.280630262E0
9.360058750E-1,-6.720168404E-2,-3.059489809E-2,-1.400374820E0,1.402320131E0
9.459678750E-1,-5.168960564E-2,-1.773570143E-2,-1.232298945E0,1.233510056E0
9.559308751E-1,-1.484094961E-1,-2.507313115E-1,-9.636188006E-1,1.006703910E0
9.658938749E-1,-5.361534957E-1,-5.773552430E-1,-6.514885819E-1,1.022368339E0
9.758568751E-1,-9.132438684E-1,-8.609321921E-1,-2.959872258E-1,1.289506510E0
9.858188750E-1,-1.242682723E0,-9.410103951E-1,-5.327339709E-2,1.559679123E0
9.957818752E-1,-1.647406817E0,-8.759219679E-1,-2.591129297E-1,1.883700620E0
1.005744875E0,-1.965852029E0,-8.700322138E-1,-6.507845771E-1,2.246119057E0
1.015707875E0,-2.233139220E0,-8.252248541E-1,-9.363655132E-1,2.558258628E0
1.025670875E0,-2.403615815E0,-7.149751644E-1,-9.101694024E-1,2.667764385E0
1.035632875E0,-2.428321471E0,-6.530303465E-1,-4.841465324E-1,2.560779503E0
1.045595875E0,-2.452110575E0,-7.321798655E-1,1.539080715E-1,2.563712411E0
1.055558875E0,-2.872249392E0,-4.955981215E-1,3.240965456E-1,2.932656243E0
1.065521875E0,-3.430196557E0,-4.751413087E-1,-3.170915812E-1,3.477435083E0
1.075483875E0,-3.881562137E0,-4.292915000E-1,-6.054704100E-1,3.951886920E0
1.085446875E0,-4.154214587E0,-3.108885990E-1,-5.832755488E-1,4.206466560E0
1.095409875E0,-4.433357738E0,-3.631988866E-1,-5.106718415E-1,4.477427833E0
1.105372875E0,-4.730584574E0,-5.047338478E-1,-1.903572750E-1,4.761241703E0
1.115334875E0,-4.745061110E0,-4.809678398E-1,-1.902561182E-1,4.773167962E0
1.125297875E0,-5.160718621E0,-5.791253413E-1,5.666478217E-1,5.223934590E0
1.135260875E0,-5.490036145E0,-6.572482355E-1,3.835820246E-1,5.542527157E0
1.145223875E0,-6.019537776E0,-7.145336996E-1,2.473378068E-1,6.066841800E0
1.155185875E0,-6.007025903E0,-6.936883027E-1,2.453129160E-1,6.051920529E0
1.165148875E0,-5.931010931E0,-6.980503987E-1,-2.881449401E-2,5.972017690E0
1.175111875E0,-5.528655835E0,-5.558262335E-1,1.560814816E-1,5.558717440E0
1.185074875E0,-5.539639830E0,-5.354121784E-1,1.563481146E-1,5.567649448E0
1.195036875E0,-4.430353439E0,-4.352569391E-1,2.305001646E-1,4.457646298E0
1.204999875E0,-4.456978735E0,-4.110459214E-1,2.322759640E-1,4.481915921E0
1.214962875E0,-2.970571493E0,-1.593626466E-1,1.042983059E0,3.152380863E0
1.224925875E0,-2.776274364E0,-3.066733047E-1,1.158345700E0,3.023824172E0
1.234888875E0,-2.796036491E0,-2.887199773E-1,1.159936143E0,3.040827377E0
1.244850875E0,-2.555338198E0,-6.363360342E-1,1.346292168E0,2.957563094E0
1.254813875E0,-2.669149573E0,-6.762809955E-1,1.379899040E0,3.079908568E0
1.264776875E0,-2.897279568E0,-8.095153590E-1,9.524897951E-1,3.155436709E0
1.274739875E0,-2.947096384E0,-8.240592116E-1,4.139366752E-1,3.088008137E0
1.284701875E0,-2.952204219E0,-8.224658453E-1,4.144576621E-1,3.092528896E0
1.294664875E0,-2.385232754E0,-7.845880209E-1,2.692093170E-1,2.525348948E0
1.304626792E0,-2.380082527E0,-7.753869154E-1,2.684597039E-1,2.517556020E0
1.314589792E0,-1.502033342E0,-1.037816824E0,1.298950186E0,2.240633729E0
1.324551792E0,-1.515100261E0,-1.159599489E0,1.384753983E0,2.357486663E0
1.334514792E0,-1.487110662E0,-1.174114179E0,1.382151387E0,2.345289894E0
1.344477792E0,-1.787431552E0,-1.156774115E0,8.378112781E-1,2.288004730E0
1.354440792E0,-2.295552838E0,-1.217277301E0,2.082971174E-1,2.606667326E0
1.364402792E0,-2.549149505E0,-1.197867469E0,-2.127152735E-1,2.824588016E0
1.374365792E0,-2.485062559E0,-1.369481933E0,-2.723884481E-1,2.850475777E0
1.384328792E0,-1.701682719E0,-1.458811308E0,6.962630510E-2,2.242476830E0
1.394291792E0,-6.529036812E-1,-1.275263116E0,8.229833239E-1,1.652235087E0
1.404253792E0,-6.427173199E-1,-1.296020585E0,8.228207713E-1,1.664268287E0
1.414216792E0,9.028618446E-1,-1.122606787E0,1.171842243E0,1.857045974E0
1.424179792E0,1.113007267E0,-9.956862469E-1,9.500515062E-1,1.769964447E0
1.434142792E0,8.804892281E-1,-6.565055660E-1,4.271771103E-1,1.178448608E0
1.444104792E0,4.166429128E-1,-5.315419063E-1,-4.480458230E-1,8.104771276E-1
1.454067792E0,4.611620779E-1,-5.684820567E-1,-4.490550524E-1,8.587739813E-1
1.464030792E0,-5.768713128E-1,-7.046409416E-1,-6.341521722E-1,1.109706423E0
1.473993792E0,-6.754914021E-1,-9.548117975E-1,-3.417522132E-1,1.218502679E0
1.483955792E0,-1.433019898E-1,-9.960079899E-1,5.016033947E-2,1.007513492E0
1.493918792E0,2.234475089E-1,-9.720192761E-1,2.001975542E-1,1.017265611E0
1.503881792E0,6.034879115E-1,-8.514550249E-1,-1.413248634E-1,1.053160024E0
1.513844792E0,9.535140811E-1,-5.141394597E-1,-4.941014171E-1,1.190657254E0
1.523807792E0,1.025166739E0,-3.384939254E-1,-6.933961612E-1,1.283099067E0
1.533769792E0,1.252841090E0,-2.684886476E-1,-8.322266024E-1,1.527840983E0
1.543732792E0,1.284319283E0,-2.697229949E-1,-8.337100410E-1,1.554766525E0
1.553695792E0,1.354690231E0,-5.025623381E-2,-4.940680879E-1,1.442849468E0
1.563658792E0,1.518159378E0,-7.872735009E-2,-3.045604134E-1,1.550407345E0
1.573620792E0,1.892037509E0,8.040447772E-2,-1.045002687E-1,1.896626247E0
1.583583792E0,2.008465221E0,4.486108102E-2,-8.033314168E-2,2.010571678E0
1.593546792E0,2.194483277E0,-2.453851292E-1,-4.815310729E-1,2.260053736E0
1.603509792E0,2.077552851E0,-3.426245447E-1,-7.420806634E-1,2.232554846E0
1.613471792E0,1.592042894E0,-4.928683124E-1,-9.771615368E-1,1.931932820E0
1.623434792E0,1.125989986E0,-7.402567707E-1,-7.027517062E-1,1.519767579E0
1.633397792E0,8.069056736E-1,-7.930833674E-1,-2.910743952E-2,1.131779677E0
1.643360792E0,8.679803527E-1,-7.604015250E-1,-3.160537004E-2,1.154382636E0
1.653322792E0,1.098632764E0,-7.785922860E-1,3.796398318E-1,1.399044781E0
1.663285792E0,2.050956060E0,-7.521104655E-1,6.116094017E-1,2.268514265E0
1.673248792E0,2.846098305E0,-3.796289048E-1,9.091169035E-1,3.011791363E0
1.683211792E0,3.201556684E0,-9.591078199E-2,6.766070509E-1,3.273677012E0
1.693173792E0,3.179002512E0,-1.596316916E-1,1.705393070E-1,3.187573199E0
1.703136792E0,2.949945732E0,-1.808285427E-1,6.856562018E-2,2.956278070E0
1.713099792E0,2.360854104E0,6.957185291E-2,6.771426558E-2,2.362849459E0
1.723062792E0,1.549551324E0,1.264725337E-1,-1.829880291E-1,1.565435795E0
1.733024792E0,1.071593850E0,6.451719079E-2,-3.242737162E-1,1.121440721E0
1.742987792E0,1.024415372E0,1.263962275E-1,-4.513126624E-1,1.126537163E0
1.752950792E0,1.207214609E0,-5.026803788E-2,-3.185375977E-1,1.249543992E0
1.762913792E0,1.421709555E0,-2.982718426E-1,7.395032108E-2,1.454542128E0
1.772875792E0,1.227623949E0,-5.999344124E-1,2.191448718E-1,1.383837539E0
1.782838792E0,1.009322685E0,-8.078730954E-1,2.150705320E-1,1.310590155E0
1.792801792E0,8.668690163E-1,-9.715289871E-1,3.135165936E-1,1.339262155E0
1.802764792E0,8.036617845E-1,-9.275505432E-1,3.496880543E-1,1.276128524E0
1.812726792E0,1.149815489E0,-6.807944613E-1,2.121457547E-1,1.352982845E0
1.822689792E0,1.927302798E0,-3.704056896E-1,1.198638278E-1,1.966230858E0
1.832652792E0,2.745888431E0,-1.093404111E-1,-1.029636204E-2,2.748083808E0
1.842615792E0,3.872518833E0,-9.423087694E-2,-3.185931462E-1,3.886744546E0
1.852577792E0,4.912494376E0,-8.678601924E-3,-2.530446893E-1,4.919014935E0
1.862540792E0,5.489088897E0,5.849260351E-2,-8.017117381E-2,5.489985949E0
1.872503792E0,5.847350723E0,-9.114961356E-2,-1.119741797E-1,5.849133008E0
1.882466792E0,6.035090200E0,-2.107829515E-1,-4.562290013E-2,6.038942343E0
1.892428792E0,6.000537248E0,-3.776079243E-1,2.238396013E-1,6.016572046E0
1.902391792E0,5.815853527E0,-6.175060994E-1,5.880726045E-1,5.878034996E0
1.912354792E0,5.787669947E0,-8.073718429E-1,8.927604872E-1,5.911513681E0
1.922317792E0,5.762507039E0,-8.728149037E-1,9.499614590E-1,5.905143521E0
1.932279792E0,5.690675749E0,-8.118805578E-1,7.425063407E-1,5.796055226E0
1.942242792E0,5.897574797E0,-5.031154847E-1,4.490614843E-1,5.936006224E0
1.952205792E0,6.141449883E0,-1.099692791E-1,-2.881507874E-3,6.142435039E0
1.962168792E0,6.451081002E0,2.643900418E-1,-5.728213120E-1,6.481857175E0
1.972130792E0,6.496623795E0,4.888199561E-1,-8.678320527E-1,6.572533618E0
1.982093792E0,5.994269033E0,4.752685587E-1,-9.617588013E-1,6.089509129E0
1.992056792E0,5.316276192E0,2.719184051E-1,-8.891983634E-1,5.396981184E0
2.002019792E0,4.499564007E0,-2.116793479E-2,-6.028070033E-1,4.539812839E0
2.011981792E0,3.921786595E0,-1.823540082E-1,-2.825982714E-1,3.936181508E0
2.021944792E0,3.670759195E0,-2.306582222E-1,-8.531321526E-2,3.678988262E0
2.031907792E0,3.579447906E0,-2.288230187E-1,-3.888480270E-1,3.607770790E0
2.041870792E0,3.555546535E0,-1.922774275E-1,-8.443747777E-1,3.659487742E0
2.051832792E0,3.318087599E0,-2.154013747E-1,-1.284559019E0,3.564575001E0
2.061795792E0,3.059942676E0,-2.488270926E-1,-1.395406440E0,3.372287537E0
2.071758792E0,2.721261713E0,-2.987858676E-1,-1.121898835E0,2.958579947E0
2.081721792E0,2.970827309E0,-4.235408365E-1,-4.419313896E-1,3.033233438E0
2.091683792E0,3.223505085E0,-3.668145124E-1,6.584064227E-1,3.310443616E0
2.101646792E0,2.908758237E0,-4.039632256E-1,1.243054898E0,3.188925564E0
2.111609792E0,2.514794189E0,-8.970402836E-1,1.349680629E0,2.991740110E0
2.121572792E0,1.721544395E0,-1.335677571E0,1.368526790E0,2.573055626E0
2.131534792E0,7.610216222E-1,-1.623749713E0,1.248327917E0,2.184957581E0
2.141497792E0,1.426133157E-1,-1.548983560E0,7.581862342E-1,1.730472476E0
2.151460792E0,4.970438456E-2,-1.171024949E0,2.621412027E-1,1.201036205E0
2.161422792E0,1.284719617E-2,-7.575195055E-1,-4.658710599E-2,7.590594246E-1
2.171385792E0,-6.352608774E-2,-7.682630333E-1,-4.616493702E-2,7.722660511E-1
2.181348792E0,3.739994614E-1,-7.677652891E-1,7.654414594E-2,8.574369613E-1
2.191311792E0,6.750155850E-1,-1.080991642E0,6.367284554E-1,1.424644550E0
2.201273792E0,3.542875107E-1,-1.424090395E0,9.366929573E-1,1.740961456E0
2.211236792E0,-1.379324916E-1,-1.955683721E0,9.254668880E-1,2.167997497E0
2.221199792E0,-1.064477387E-1,-1.931957035E0,9.251710188E-1,2.144698235E0
2.231162792E0,-1.376777211E0,-2.183373713E0,9.434540927E-1,2.748225225E0
2.241124792E0,-1.572479719E0,-1.936164984E0,1.195707069E0,2.766069903E0
2.251087792E0,-1.553344998E0,-1.926178671E0,1.195679002E0,2.748216372E0
2.261050792E0,-1.857563057E0,-1.646310903E0,1.698808520E0,3.007794954E0
2.271013792E0,-1.879424188E0,-1.655499948E0,1.698906169E0,3.026416615E0
2.280975792E0,-1.621396063E0,-1.443664388E0,1.949834751E0,2.918038316E0
2.290938792E0,-1.700165659E0,-1.191444668E0,1.644309547E0,2.648368847E0
2.300902250E0,-1.736390476E0,-1.227009261E0,1.644585536E0,2.687985341E0
2.310865250E0,-1.981521836E0,-1.426132682E0,7.539405710E-1,2.555133968E0
2.320827250E0,-1.991659154E0,-1.460561380E0,7.538499391E-1,2.582292675E0
2.330790250E0,-2.335822612E0,-1.410662411E0,9.921900505E-1,2.903528338E0
2.340753250E0,-2.838439330E0,-1.458751520E0,6.396871465E-1,3.254826181E0
2.350716250E0,-3.114992165E0,-1.383008004E0,3.672519207E-1,3.427938345E0
2.360678250E0,-3.402635121E0,-1.208938002E0,2.761844605E-1,3.621565231E0
2.370641250E0,-3.833661746E0,-1.028826877E0,3.007667398E-1,3.980691869E0
2.380604250E0,-4.492475427E0,-9.692653837E-1,2.280934507E-1,4.601503827E0
2.390567250E0,-4.977992547E0,-8.273738520E-1,5.570993185E-2,5.046589035E0
2.400529250E0,-5.290211059E0,-6.980119532E-1,-1.701352644E-1,5.338773243E0
2.410492250E0,-5.598137714E0,-5.827934093E-1,-6.420605314E-1,5.664895034E0
2.420455250E0,-5.636182038E0,-4.719380578E-1,-8.429732001E-1,5.718380655E0
2.430418250E0,-5.543994836E0,-4.852612675E-1,-6.590098554E-1,5.604074520E0
2.440380250E0,-5.532892143E0,-5.895854620E-1,-3.887380993E-1,5.577779468E0
2.450343250E0,-5.706433411E0,-5.897790779E-1,-2.328139079E-1,5.741552399E0
2.460306250E0,-5.903080536E0,-4.093129163E-1,-3.500868344E-1,5.927601342E0
2.470269250E0,-5.895831742E0,-4.512888350E-1,-3.483063573E-1,5.923327685E0
2.480231250E0,-6.756393367E0,4.859968107E-2,-1.155276496E0,6.854624500E0
2.490194250E0,-7.020188747E0,2.772508099E-1,-1.493581776E0,7.182666954E0
2.500157250E0,-7.170452834E0,4.634320401E-1,-1.557520494E0,7.352280815E0
2.510120250E0,-7.438504987E0,4.248851480E-1,-1.612725227E0,7.623172993E0
2.520082250E0,-7.470165321E0,4.022989619E-1,-1.609211050E0,7.652109159E0
2.530045250E0,-7.357196530E0,4.045816418E-1,-1.402449412E0,7.500592739E0
2.540008250E0,-7.042127500E0,5.036761596E-1,-1.073561073E0,7.141273190E0
2.549971250E0,-6.651347553E0,6.316690059E-1,-1.160696281E0,6.781345432E0
2.559933250E0,-6.680083694E0,6.259353724E-1,-1.158174376E0,6.808574090E0
2.569896250E0,-5.356377566E0,6.890407895E-1,-9.850079155E-1,5.489608223E0
2.579859250E0,-4.965692929E0,5.986529220E-1,-8.604043347E-1,5.075114502E0
2.589821250E0,-4.440672897E0,3.381377569E-1,-8.138125509E-1,4.527273329E0
2.599784250E0,-3.841325399E0,1.151273639E-1,-6.688600749E-1,3.900821572E0
2.609747250E0,-3.445299330E0,1.461059124E-1,-3.834633261E-1,3.469651068E0
2.619710250E0,-3.459915615E0,1.469710810E-1,-3.822301483E-1,3.484066080E0
2.629672250E0,-3.199109040E0,7.769085802E-2,-1.615994990E-1,3.204129978E0
2.639635250E0,-2.899154186E0,9.334940918E-2,-2.261492515E-1,2.909459157E0
2.649598250E0,-2.614930681E0,1.088211418E-1,-2.687386161E-1,2.630955140E0
2.659561250E0,-2.410182531E0,-9.832385480E-3,-4.466863453E-1,2.451245642E0
2.669523250E0,-2.394577774E0,8.843913674E-6,-4.487890041E-1,2.436270569E0
2.679486250E0,-1.759643244E0,-1.631406058E-1,-2.046607339E-1,1.779001186E0
2.689449250E0,-1.647464412E0,-2.636416713E-1,-1.990152472E-1,1.680253847E0
2.699412250E0,-1.605969939E0,-3.844226349E-1,-3.533928502E-1,1.688729319E0
2.709374250E0,-1.755881438E0,-4.856318714E-1,-4.477897149E-1,1.876026004E0
2.719337250E0,-1.731216421E0,-4.701628431E-1,-4.506682992E-1,1.849666270E0
2.729300250E0,-1.710122737E0,-6.033840504E-1,-7.497679979E-1,1.962331302E0
2.739263250E0,-1.656987480E0,-7.074724558E-1,-8.051364523E-1,1.973415691E0
2.749225250E0,-1.535427082E0,-9.441346356E-1,-5.700877386E-1,1.890483157E0
2.759188250E0,-1.299430243E0,-1.333049540E0,-1.078986704E-2,1.861627367E0
2.769151250E0,-8.599877205E-1,-1.586064701E0,6.749534583E-1,1.926328707E0
2.779114250E0,-1.841640504E-1,-1.666784928E0,1.093222336E0,2.001805053E0
2.789076250E0,1.876433630E-1,-1.638899411E0,9.791250318E-1,1.918303192E0
2.799039250E0,6.728643943E-1,-1.535417727E0,4.531890339E-1,1.736558202E0
2.809002250E0,1.375430013E0,-1.388064823E0,7.923795819E-2,1.955712230E0
2.818964250E0,2.017945019E0,-1.258010321E0,3.021835202E-1,2.397083008E0
2.828927250E0,2.325580776E0,-1.286447085E0,6.056236070E-1,2.725812173E0
2.838890250E0,2.405397900E0,-1.555301184E0,8.753661901E-1,2.995190611E0
2.848853250E0,1.930193661E0,-1.770137827E0,8.216630226E-1,2.744843460E0
2.858815250E0,1.386487390E0,-1.980400925E0,5.415018708E-1,2.477409813E0
2.868778250E0,1.393202479E0,-2.020036422E0,6.144721985E-1,2.529651434E0
2.878741250E0,1.700660334E0,-1.905982972E0,9.090631092E-1,2.711348815E0
2.888704250E0,2.218330854E0,-1.856479860E0,8.955969715E-1,3.028135265E0
2.898666250E0,2.842342346E0,-1.811382478E0,8.091745394E-1,3.466234258E0
2.908629250E0,3.272322904E0,-1.708166989E0,7.276871574E-1,3.762374283E0
2.918592250E0,3.615416761E0,-1.591948462E0,5.546329629E-1,3.989129727E0
2.928555250E0,3.716911853E0,-1.425629967E0,4.441983551E-1,4.005641859E0
2.938517250E0,3.957736446E0,-1.329451456E0,5.134282190E-1,4.206510132E0
2.948480250E0,4.144256778E0,-1.325205354E0,7.286537021E-1,4.411572247E0
2.958443250E0,4.233891963E0,-1.526348842E0,8.683325744E-1,4.583621210E0
2.968405250E0,4.271888925E0,-1.653837000E0,9.058237517E-1,4.669553349E0
2.978368250E0,4.263869761E0,-1.507831733E0,8.466779959E-1,4.601196094E0
2.988331250E0,4.338113612E0,-1.276026470E0,6.540005457E-1,4.568937511E0
2.998294250E0,4.582076114E0,-1.210647144E0,2.666096449E-1,4.746806160E0
3.008256250E0,5.025738571E0,-1.089649833E0,1.882639718E-1,5.145952610E0
3.018219250E0,5.538332393E0,-8.907525533E-1,4.532942837E-1,5.627791886E0
3.028182250E0,5.931982738E0,-7.771497779E-1,6.211812937E-1,6.014835590E0
3.038145250E0,6.306341949E0,-7.668515155E-1,6.731291270E-1,6.388357602E0
3.048107250E0,6.530285046E0,-7.918751134E-1,8.131366128E-1,6.628188299E0
3.058070250E0,6.463756011E0,-7.361011545E-1,9.345060986E-1,6.572312251E0
3.068033250E0,6.361246135E0,-6.098402170E-1,9.005156493E-1,6.453548319E0
3.077996250E0,6.190522640E0,-5.417146729E-1,8.083728862E-1,6.266537487E0
3.087958250E0,6.310247889E0,-4.870585920E-1,7.300014853E-1,6.370977685E0
3.097921250E0,6.374837987E0,-3.444023541E-1,7.526038975E-1,6.428342319E0
3.107884250E0,6.274544206E0,-2.418207761E-1,4.399942070E-1,6.294599048E0
3.117847250E0,6.135050690E0,-1.391655598E-1,7.651666403E-2,6.137105900E0
3.127809250E0,5.992907801E0,-2.545351446E-2,-3.683085126E-1,6.004268728E0
3.137772250E0,5.937545194E0,7.331984505E-2,-5.942039949E-1,5.967654239E0
3.147735250E0,5.519168143E0,-2.006325871E-2,-5.507925117E-1,5.546619864E0
3.157697250E0,4.910130932E0,-3.529244882E-1,-4.792986059E-1,4.946076083E0
3.167660250E0,4.361944232E0,-6.779438706E-1,-2.574569982E-1,4.421815179E0
3.177623250E0,3.799483601E0,-9.678238989E-1,-2.055126733E-1,3.926193346E0
3.187586250E0,3.694130516E0,-1.083992944E0,-1.452758271E-1,3.852628458E0
3.197548250E0,3.681121631E0,-9.673774640E-1,1.024783015E-2,3.806124096E0
3.207511250E0,3.356924221E0,-9.507975378E-1,-8.239837825E-2,3.489949237E0
3.217474250E0,2.966407106E0,-6.625278327E-1,-1.562317550E-1,3.043504987E0
3.227437250E0,2.926707143E0,-6.788242420E-1,-1.559323776E-1,3.008443444E0
3.237399250E0,2.676569982E0,-5.515524305E-1,-1.367219353E-1,2.736225473E0
3.247362250E0,2.382385160E0,-6.929871485E-1,-1.409868944E-1,2.485129281E0
3.257325250E0,2.202910723E0,-7.962206910E-1,-2.095203549E-1,2.351740169E0
3.267288250E0,1.918712068E0,-8.550504778E-1,-1.245825309E-1,2.104302290E0
3.277250250E0,1.376038708E0,-9.410781498E-1,-7.906371117E-2,1.668940287E0
3.287213250E0,1.318319819E0,-9.553467447E-1,-7.721248269E-2,1.629912978E0
3.297176125E0,5.508688910E-1,-9.318556289E-1,-1.742862028E-1,1.096442944E0
3.307138125E0,4.319879801E-1,-8.502870436E-1,-4.333283812E-1,1.047556756E0
3.317101125E0,6.422841143E-1,-7.322492281E-1,-3.442343563E-1,1.033061038E0
3.327064125E0,7.222503432E-1,-6.605553476E-1,-4.947972357E-2,9.800138614E-1
3.337027125E0,6.620688263E-1,-6.563555849E-1,-4.713908315E-2,9.334665917E-1
3.346989125E0,7.328112186E-1,-8.717851359E-1,7.480617803E-1,1.362577716E0
3.356952125E0,5.670675421E-1,-1.035902665E0,8.444741803E-1,1.451825255E0
3.366915125E0,2.676107613E-1,-1.245856006E0,8.477158767E-1,1.530488457E0
3.376878125E0,-2.090998670E-1,-1.440615358E0,8.792762232E-1,1.700653416E0
3.386840125E0,-2.284633601E-1,-1.427471694E0,8.794539785E-1,1.692131864E0
3.396803125E0,-1.275468061E0,-1.665869401E0,1.106641111E0,2.372044304E0
3.406766125E0,-1.574149830E0,-1.703322863E0,1.240639998E0,2.630293532E0
3.416729125E0,-1.708733584E0,-1.836937734E0,1.513076978E0,2.929763240E0
3.426691125E0,-1.452787799E0,-2.095798211E0,1.766835612E0,3.102365325E0
3.436654125E0,-1.446647345E0,-2.086392672E0,1.765721133E0,3.092506110E0
3.446617125E0,-1.302584231E0,-2.336287758E0,1.579084441E0,3.106199260E0
3.456580125E0,-1.595056988E0,-2.160224002E0,1.282092664E0,2.975657260E0
3.466542125E0,-2.031379143E0,-1.965360570E0,1.146137298E0,3.050044934E0
3.476505125E0,-2.533884763E0,-1.896331851E0,1.181070319E0,3.378102068E0
3.486468125E0,-2.492680897E0,-1.896665434E0,1.178910357E0,3.346733848E0
3.496430125E0,-3.250495833E0,-1.818157209E0,1.241572044E0,3.925929181E0
3.506393125E0,-3.647978735E0,-1.673606144E0,8.681904870E-1,4.106392711E0
3.516356125E0,-4.025252784E0,-1.397702350E0,4.527054691E-1,4.284994057E0
3.526319125E0,-4.512529623E0,-1.228553218E0,1.902701515E-1,4.680648389E0
3.536281125E0,-4.522397384E0,-1.256113631E0,1.928522819E-1,4.697562299E0
3.546244125E0,-4.854035961E0,-1.329834010E0,6.130700362E-1,5.070106357E0
3.556207125E0,-4.773966236E0,-1.479459873E0,5.305599761E-1,5.026037110E0
3.566170125E0,-4.640034592E0,-1.333639378E0,4.148991269E-1,4.845684296E0
3.576132125E0,-4.629980890E0,-1.374433355E0,4.181952024E-1,4.847749716E0
3.586095125E0,-4.738723606E0,-1.037482583E0,1.341772270E-1,4.852821349E0
3.596058125E0,-5.376486726E0,-5.584840123E-1,-5.011286008E-1,5.428595010E0
3.606021125E0,-5.623829795E0,-4.459359283E-1,-5.982584542E-1,5.673114982E0
3.615983125E0,-5.610111642E0,-4.788179648E-1,-5.952564937E-1,5.661885691E0
3.625946125E0,-5.965651006E0,-1.730789720E-1,-7.938823164E-1,6.020730635E0
3.635909125E0,-5.958813272E0,-2.033886722E-1,-7.906774575E-1,6.014481973E0
3.645871125E0,-6.741751939E0,-1.650811505E-1,-1.115688508E0,6.835439404E0
3.655834125E0,-6.739000239E0,-1.888046931E-1,-1.112946748E0,6.832892645E0
3.665797125E0,-6.913798658E0,-4.166353114E-2,-1.250010161E0,7.026014029E0
3.675760125E0,-6.803695003E0,1.709820874E-2,-1.174945360E0,6.904422832E0
3.685722125E0,-6.816544259E0,5.380023122E-3,-1.173005254E0,6.916736652E0
3.695685125E0,-6.011276245E0,2.794866756E-2,-9.513998741E-1,6.086163400E0
3.705648125E0,-5.589405482E0,1.626329944E-2,-9.047045946E-1,5.662173482E0
3.715611125E0,-5.218938178E0,1.001043320E-2,-9.677948821E-1,5.307922649E0
3.725573125E0,-4.811090501E0,4.680739984E-2,-9.172761083E-1,4.897976949E0
3.735536125E0,-4.830061207E0,4.675974503E-2,-9.163592649E-1,4.916440993E0
3.745499125E0,-3.988983382E0,-9.284501374E-3,-7.577459389E-1,4.060326776E0
3.755462125E0,-3.434444267E0,-1.172296572E-1,-5.895975584E-1,3.486656779E0
3.765424125E0,-3.058560979E0,-1.399950604E-1,-3.114314765E-1,3.077561282E0
3.775387125E0,-2.918547646E0,-1.607140844E-1,-1.220840156E-2,2.922994770E0
3.785350125E0,-2.901062424E0,-1.566441299E-1,-1.357957363E-2,2.905320116E0
3.795312125E0,-2.842487065E0,-2.705361964E-1,6.429598331E-2,2.856056113E0
3.805275125E0,-2.715545475E0,-4.742173024E-1,-7.853804648E-2,2.757759507E0
3.815238125E0,-2.531794384E0,-4.993299973E-1,-1.463610703E-1,2.584711746E0
3.825201125E0,-2.291157340E0,-4.230092150E-1,-1.760152245E-1,2.336518802E0
3.835163125E0,-2.037991467E0,-4.536266980E-1,-3.548511457E-1,2.117806822E0
3.845126125E0,-1.764740847E0,-5.143929365E-1,-6.037612689E-1,1.934796635E0
3.855089125E0,-1.677347192E0,-4.637290055E-1,-4.668469602E-1,1.801800288E0
3.865052125E0,-1.432501615E0,-6.878567284E-1,-2.449591595E-1,1.607859679E0
3.875014125E0,-9.999403886E-1,-9.115231059E-1,2.748015940E-2,1.353333038E0
3.884977125E0,-1.028688517E0,-9.646974657E-1,2.886173952E-1,1.439493406E0
3.894940125E0,-1.242765899E0,-1.168235607E0,2.425717413E-1,1.722812400E0
3.904902125E0,-1.342696423E0,-1.389494321E0,1.179558814E-1,1.935831021E0
3.914865125E0,-1.233405238E0,-1.479066209E0,1.825050491E-1,1.934485313E0
3.924828125E0,-9.231875702E-1,-1.398012837E0,3.114741611E-1,1.704033842E0
3.934791125E0,-6.084245330E-1,-1.353252840E0,3.224394447E-1,1.518367826E0
3.944753125E0,-2.831863185E-1,-1.425785357E0,1.542969114E-1,1.461802282E0
3.954716125E0,4.008481215E-1,-1.436959094E0,4.160937130E-2,1.492401418E0
3.964679125E0,1.234028697E0,-1.235405278E0,9.909451783E-2,1.748963336E0
3.974642125E0,1.522994879E0,-1.080122672E0,-1.503845394E-2,1.867191619E0
3.984604125E0,1.232884689E0,-1.303758352E0,-4.019487137E-1,1.838845634E0
3.994567125E0,7.949917524E-1,-1.373342265E0,-3.982971275E-1,1.636068906E0
4.004530125E0,4.660620080E-1,-1.194794465E0,-7.667921662E-2,1.284767415E0
4.014493125E0,5.129275877E-1,-1.098470943E0,1.398882025E-1,1.220369547E0
4.024455125E0,8.788047183E-1,-1.159619077E0,3.243567467E-1,1.490711721E0
4.034418125E0,1.459569253E0,-1.192512077E0,5.383841354E-1,1.960174721E0
4.044381125E0,1.941203968E0,-1.231619790E0,5.106741804E-1,2.354983710E0
4.054343125E0,2.233287593E0,-1.322647782E0,2.666704559E-1,2.609230492E0
4.064306125E0,2.543444669E0,-1.183350148E0,1.001803458E-1,2.807038378E0
4.074269125E0,2.820601521E0,-9.581918536E-1,-2.030621052E-2,2.978982530E0
4.084232125E0,2.914338235E0,-8.184735127E-1,-1.857145858E-1,3.032780267E0
4.094194125E0,2.733963327E0,-6.991210970E-1,-1.560019594E-1,2.826245282E0
4.104157125E0,2.460706275E0,-5.867220439E-1,1.724232799E-1,2.535556727E0
4.114120125E0,2.187091666E0,-7.196584187E-1,7.005297643E-1,2.406661618E0
4.124083125E0,2.136640866E0,-8.978682493E-1,1.011986969E0,2.528936378E0
4.134045125E0,2.274236813E0,-8.584053178E-1,1.145584736E0,2.687262020E0
4.144008125E0,2.512817830E0,-8.068451549E-1,9.971876657E-1,2.821282650E0
4.153971125E0,3.335305603E0,-7.458141106E-1,3.845129013E-1,3.439237171E0
4.163933125E0,4.187603942E0,-4.645658152E-1,3.770629638E-1,4.230132935E0
4.173896125E0,4.411104697E0,-2.577269203E-1,5.251600724E-1,4.449725937E0
4.183859125E0,4.421659506E0,-2.858092698E-1,4.228788221E-1,4.451020807E0
4.193822125E0,4.472635240E0,-3.315473601E-1,4.632041448E-1,4.508763436E0
4.203784125E0,4.470411251E0,-2.704826213E-1,6.292130291E-1,4.522570800E0
4.213747125E0,4.666690879E0,-2.617571137E-1,7.096672082E-1,4.727594324E0
4.223710125E0,4.872011471E0,-2.219337013E-1,9.213001621E-1,4.963319890E0
4.233672125E0,4.796075728E0,-1.671551213E-1,1.043327460E0,4.911091061E0
4.243635125E0,4.685044412E0,-2.019087053E-1,9.028855258E-1,4.775522017E0
4.253598125E0,4.980661801E0,-2.831370192E-1,8.635805422E-1,5.062897382E0
4.263561125E0,5.375237176E0,-1.759441442E-1,1.066941440E0,5.482927601E0
4.273523125E0,5.429388825E0,-1.716973481E-1,1.077586881E0,5.537954178E0
4.283486125E0,5.314620845E0,-1.725174566E-1,8.925681138E-1,5.391811833E0
4.293449125E0,5.231593307E0,-3.724987004E-2,6.267039889E-1,5.269128388E0
4.303412250E0,5.257927412E0,1.416395898E-1,3.130137330E-1,5.269140351E0
4.313374250E0,5.356824878E0,4.706316436E-1,-2.366736549E-1,5.382664892E0
4.323337250E0,4.943558879E0,5.793318211E-1,-3.517725867E-1,4.989803974E0
4.333300250E0,4.510844748E0,6.183493410E-1,-4.097471452E-1,4.571429642E0
4.343262250E0,4.110976473E0,4.527795826E-1,-3.699983579E-1,4.152353032E0
4.353225250E0,4.084164358E0,4.443182230E-1,-3.699352080E-1,4.124884150E0
4.363188250E0,3.599056251E0,2.710450503E-1,-1.592343003E-1,3.612758902E0
4.373151250E0,3.432564679E0,8.243411936E-2,-1.556827015E-1,3.437082013E0
4.383113250E0,3.133173497E0,-8.953483187E-2,-8.137570024E-3,3.134463091E0
4.393076250E0,2.710461905E0,-2.904298858E-1,1.977440625E-1,2.733140313E0
4.403039250E0,2.718411487E0,-2.660377872E-1,1.962196934E-1,2.738437380E0
4.413001250E0,2.098119263E0,-7.254384644E-1,7.473004729E-1,2.342396935E0
4.422964250E0,2.160903448E0,-7.918778177E-1,9.825883377E-1,2.502409645E0
4.432927250E0,2.407111719E0,-7.503736232E-1,1.213325315E0,2.798107525E0
4.442890250E0,2.469886696E0,-6.804401200E-1,1.230153016E0,2.841938685E0
4.452852250E0,2.413296319E0,-6.940634747E-1,1.230558813E0,2.796425973E0
4.462815250E0,2.890318750E0,-5.777298302E-1,1.063412061E0,3.133458065E0
4.472778250E0,2.712447912E0,-7.297580950E-1,7.595123827E-1,2.909773120E0
4.482741250E0,2.375096460E0,-9.420619438E-1,6.726560873E-1,2.642163907E0
4.492703250E0,1.934596030E0,-1.143943423E0,8.268343002E-1,2.394769992E0
4.502666250E0,1.893377399E0,-1.150643455E0,8.280025738E-1,2.365258252E0
4.512629250E0,8.719181601E-1,-1.417444012E0,1.304436044E0,2.114460261E0
4.522591250E0,7.345490111E-1,-1.297265019E0,1.685198541E0,2.249967311E0
4.532554250E0,7.854075082E-1,-9.336658537E-1,1.774936345E0,2.153832841E0
4.542517250E0,8.123917506E-1,-7.007242573E-1,1.206069505E0,1.614186635E0
4.552480250E0,7.874744989E-1,-7.432059601E-1,1.210585309E0,1.624188405E0
4.562442250E0,6.830009812E-1,-6.593102561E-1,-7.601380348E-2,9.523436630E-1
4.572405250E0,6.687834764E-1,-6.848418309E-1,-7.308844149E-2,9.600112457E-1
4.582368250E0,5.304318855E-1,-8.375666452E-1,-2.595280820E-1,1.024807638E0
4.592331250E0,5.221942550E-1,-8.482128169E-1,-2.581580794E-1,1.028978822E0
4.602293250E0,3.845935563E-1,-1.112920070E0,8.849176168E-2,1.180819240E0
4.612256250E0,-1.179628615E-1,-1.241729919E0,5.206162012E-1,1.351610024E0
4.622219250E0,-1.204581242E-1,-1.263958694E0,5.229556721E-1,1.373165822E0
4.632181250E0,-8.422168627E-1,-1.404963422E0,3.643253893E-1,1.678089524E0
4.642144250E0,-8.541546844E-1,-1.266821491E0,6.248568535E-2,1.529157080E0
4.652107250E0,-8.652961153E-1,-1.304533693E0,6.714006901E-2,1.566860974E0
4.662070250E0,-5.525560685E-1,-9.071718273E-1,-5.625571096E-1,1.201977302E0
4.672032250E0,-5.617918552E-1,-9.399953185E-1,-5.582605755E-1,1.229168889E0
4.681995250E0,-4.054325213E-1,-7.216133621E-1,-9.339763409E-1,1.247963613E0
4.691958250E0,-3.587427236E-1,-8.026606681E-1,-9.993365175E-1,1.331027410E0
4.701920250E0,-3.512201345E-1,-8.104978374E-1,-9.987354237E-1,1.333317207E0
4.711883250E0,-1.174987314E0,-1.118026955E0,-6.633251005E-1,1.752306951E0
4.721846250E0,-1.148798951E0,-1.113385362E0,-6.650991458E-1,1.732548085E0
4.731809250E0,-2.487859282E0,-1.369293068E0,2.545825070E-1,2.851178628E0
4.741771250E0,-3.168147740E0,-1.451906624E0,4.489702678E-1,3.513796700E0
4.751734250E0,-3.142677854E0,-1.460424263E0,4.491100162E-1,3.494418825E0
4.761697250E0,-4.366608263E0,-1.237317902E0,1.995596230E-1,4.542911771E0
4.771660250E0,-4.382766751E0,-1.258566976E0,2.028229541E-1,4.564402741E0
4.781622250E0,-4.847044737E0,-1.093469088E0,-3.142094886E-1,4.978779462E0
4.791585250E0,-4.722788189E0,-1.094543806E0,-1.391777658E-1,4.849961327E0
4.801548250E0,-4.606230669E0,-1.219695125E0,6.511225462E-2,4.765423043E0
4.811510250E0,-4.594829768E0,-1.211536067E0,5.995033264E-2,4.752249392E0
4.821473250E0,-4.604263958E0,-1.224168391E0,6.218104541E-2,4.764630240E0
4.831436250E0,-4.670442745E0,-9.315786901E-1,7.743233800E-2,4.763073593E0
4.841399250E0,-5.079256382E0,-8.145744431E-1,-2.431798518E-2,5.144216975E0
4.851361250E0,-5.563761349E0,-7.120661746E-1,-4.342054635E-1,5.625923299E0
4.861324250E0,-6.132636960E0,-4.575319071E-1,-1.072788071E0,6.242551223E0
4.871287250E0,-6.151817581E0,-4.694596423E-1,-1.070163841E0,6.261829010E0
4.881249250E0,-7.030848806E0,6.354256958E-2,-1.447817958E0,7.178652341E0
4.891212250E0,-7.085815557E0,6.473262414E-2,-1.444921832E0,7.231927234E0
4.901175250E0,-7.076209751E0,-3.012337862E-1,-8.161730719E-1,7.129489793E0
4.911138250E0,-7.123097988E0,-2.931463560E-1,-8.142013907E-1,7.175470970E0
4.921100250E0,-6.894194698E0,-4.612036662E-1,-5.941075158E-1,6.935098637E0
4.931063250E0,-6.497114961E0,-4.497454624E-1,-4.721322584E-1,6.529753645E0
4.941026250E0,-6.004190004E0,-3.521893470E-1,-5.527858275E-1,6.039859858E0
4.950989250E0,-5.538973832E0,-1.283772276E-1,-8.251105410E-1,5.601563999E0
4.960951250E0,-5.125990253E0,1.488455522E-1,-1.081178825E0,5.240885300E0
4.970914250E0,-4.892994789E0,2.080815013E-1,-1.131293557E0,5.026382499E0
4.980877250E0,-4.601048867E0,1.132898033E-4,-1.088163325E0,4.727975265E0
4.990839250E0,-4.061157027E0,-2.113153039E-1,-7.528219986E-1,4.135745581E0
5.000802250E0,-3.698628487E0,-2.424550163E-1,-1.820945746E-1,3.711036991E0
5.010765250E0,-3.361090654E0,-3.256281506E-1,-7.842870355E-3,3.376836624E0
5.020728250E0,-2.947289927E0,-4.893226339E-1,3.655503809E-1,3.009913891E0
5.030690250E0,-2.781536273E0,-6.141944557E-1,8.229166657E-1,2.965024571E0
5.040653250E0,-2.770836161E0,-8.901271205E-1,9.256276864E-1,3.053955785E0
5.050616250E0,-2.596748764E0,-1.143348103E0,7.833047032E-1,2.943452953E0
5.060578250E0,-2.494556391E0,-1.009460387E0,6.137079674E-1,2.760155671E0
5.070541250E0,-2.436709886E0,-8.391882243E-1,2.950692129E-1,2.594004200E0
5.080504250E0,-2.466043906E0,-7.146211886E-1,1.357928127E-1,2.571088422E0
5.090467250E0,-2.575386838E0,-7.140594904E-1,3.350969124E-1,2.693471415E0
5.100429250E0,-2.356392825E0,-8.180891313E-1,4.908421791E-1,2.542200428E0
5.110392250E0,-1.665869108E0,-1.042912307E0,4.522704363E-1,2.016763376E0
5.120355250E0,-1.015910669E0,-1.040471753E0,4.563231415E-1,1.524101954E0
5.130317250E0,-7.798016363E-1,-8.903155471E-1,3.622034347E-1,1.237717130E0
5.140280250E0,-8.951682244E-1,-9.123466862E-1,4.609593987E-2,1.278994707E0
5.150243250E0,-1.019260320E0,-9.700941534E-1,-1.445969653E-1,1.414525556E0
5.160206250E0,-9.742940623E-1,-1.008366226E0,-1.184347683E-1,1.407152501E0
5.170168250E0,-5.717054439E-1,-1.065160963E0,-3.319113493E-2,1.209345543E0
5.180131250E0,1.793011769E-1,-1.045081697E0,2.610723317E-2,1.060672548E0
5.190094250E0,7.288992852E-1,-9.619067359E-1,2.620324445E-1,1.234997870E0
5.200056250E0,7.549027303E-1,-1.129998618E0,3.318645716E-1,1.398895672E0
5.210019250E0,5.774500044E-1,-1.365928434E0,8.328715503E-2,1.485309982E0
5.219982250E0,5.329753147E-1,-1.383467596E0,-1.986123741E-2,1.482713642E0
5.229945250E0,4.681542514E-1,-1.251968101E0,-1.816139334E-1,1.348916658E0
5.239907250E0,7.309336777E-1,-1.151267718E0,-3.819623458E-1,1.416183828E0
5.249870250E0,1.098968394E0,-9.006039423E-1,-4.785390526E-1,1.499272696E0
5.259833250E0,1.800980720E0,-7.391620988E-1,-4.926618326E-1,2.008135415E0
5.269795250E0,2.598362303E0,-5.858236923E-1,-3.413820845E-1,2.685371070E0
5.279758250E0,2.973140467E0,-3.361866872E-1,-1.643400890E-1,2.996596968E0
5.289721250E0,3.014174180E0,-2.665153585E-1,-1.644055778E-1,3.030396941E0
5.299684250E0,2.718262091E0,-3.505991967E-1,-3.459493446E-1,2.762525935E0
5.309646500E0,2.100736623E0,-4.359140199E-1,-6.173034203E-1,2.232527470E0
5.319609500E0,1.786064765E0,-5.449166447E-1,-7.526191002E-1,2.013304996E0
5.329572500E0,1.877785652E0,-4.907812218E-1,-2.883770746E-1,1.962168825E0
5.339534500E0,2.030240983E0,-3.279234020E-1,2.172468656E-1,2.067996230E0
5.349497500E0,2.471276871E0,-2.304750947E-1,5.471327394E-1,2.541590521E0
5.359460500E0,2.663624246E0,1.636416391E-3,7.875527054E-1,2.777613376E0
5.369423500E0,2.698150593E0,1.104501030E-1,6.219466943E-1,2.771106915E0
5.379385500E0,3.128586356E0,-5.220101774E-2,2.273157710E-1,3.137267919E0
5.389348500E0,3.263302404E0,1.888429192E-1,1.994239676E-1,3.274839561E0
5.399311500E0,2.721815152E0,2.334365632E-1,2.175684625E-1,2.740457331E0
5.409273500E0,2.375357684E0,6.911672026E-2,2.540895867E-1,2.389908527E0
5.419236500E0,2.384708259E0,9.210457351E-2,2.528119701E-1,2.399839708E0
5.429199500E0,2.515273953E0,-6.619208917E-2,3.836972147E-1,2.545232407E0
5.439162500E0,2.599296103E0,-2.476695267E-1,2.828280669E-1,2.626341970E0
5.449124500E0,2.949478247E0,-4.570063155E-1,3.466936952E-1,3.004741789E0
5.459087500E0,3.406601872E0,-4.228457853E-1,4.909228706E-1,3.467670708E0
5.469050500E0,3.407054739E0,-3.823572522E-1,4.889927047E-1,3.463139173E0
5.479012500E0,5.365984542E0,-5.785769090E-1,1.407107304E0,5.577498750E0
5.488975500E0,5.382197701E0,-5.395248906E-1,1.405879973E0,5.588885193E0
5.498938500E0,5.725090706E0,-8.463198540E-1,1.804826726E0,6.062204253E0
5.508901500E0,5.692253913E0,-9.841248398E-1,1.740354742E0,6.033165913E0
5.518863500E0,5.693780621E0,-9.777771755E-1,1.740184588E0,6.033525368E0
5.528826500E0,4.628581066E0,-1.107092077E0,1.595029798E0,5.019316249E0
5.538789500E0,4.610654088E0,-1.126370274E0,1.595300524E0,5.007177336E0
5.548751500E0,3.580034674E0,-1.552143541E0,5.714647579E-1,3.943649301E0
5.558714500E0,3.296403784E0,-6.730776715E-1,7.924450707E-1,3.456483857E0
5.568677500E0,3.256509694E0,-7.223286959E-1,7.941185439E-1,3.428882966E0
5.578640500E0,3.699804946E0,-1.106843205E-1,-5.893777031E-1,3.748089345E0
5.588602500E0,3.658011680E0,-1.473702997E-1,-5.875668204E-1,3.707829854E0
5.598565500E0,3.614568622E0,2.328080241E-1,-6.224501395E-1,3.675153068E0
5.608528500E0,2.999891479E0,3.978387058E-2,-4.664183593E-1,3.036194613E0
5.618490500E0,2.995069572E0,3.152855225E-2,-4.659014654E-1,3.031253861E0
5.628453500E0,2.240179596E-1,-1.397748543E0,7.343190694E-1,1.594712993E0
5.638416500E0,2.286566654E-1,-1.410336721E0,7.350692672E-1,1.606754606E0
5.648379500E0,-8.778059408E-1,-4.512359177E-1,3.525929511E-2,9.876235826E-1
5.658341500E0,-3.961434518E-1,4.187251794E-1,1.274681318E-1,5.903461144E-1
5.668304500E0,-2.114644079E-1,6.933157620E-1,-2.105687606E-1,7.548133177E-1
5.678267500E0,-1.183380152E-1,2.316478269E-1,-6.370699328E-1,6.881298575E-1
5.688229500E0,-1.551260100E-1,2.343339647E-1,-6.366927874E-1,6.959555959E-1
5.698192500E0,-3.467602804E-1,-7.450762651E-1,-1.810461688E-1,8.415218643E-1
5.708155500E0,-1.187416923E-1,-5.681345493E-1,3.835831940E-2,5.816767284E-1
5.718118500E0,7.004597073E-2,-3.051475469E-1,-4.338809431E-2,3.160759246E-1
5.728080500E0,3.891075703E-1,5.526349694E-3,4.336587489E-2,3.915556677E-1
5.738043500E0,3.540985725E-1,1.058302179E-2,4.418039203E-2,3.570009894E-1
5.748006500E0,6.309457053E-1,5.489359111E-1,-5.215657890E-2,8.379399897E-1
5.757968500E0,4.669958815E-1,4.183995625E-1,-8.470919788E-2,6.327076698E-1
5.767931500E0,1.453159901E-1,1.505688363E-1,1.199907124E-2,2.095988768E-1
5.777894500E0,-2.178903152E-1,-1.015452686E-1,1.126314068E-1,2.654683876E-1
5.787856500E0,-2.570916203E-1,-1.061242963E-1,1.149913430E-1,3.009675672E-1
5.797819500E0,-3.170388832E-1,-4.771693423E-2,1.883417398E-1,3.718375589E-1
5.807782500E0,-6.554515323E-1,1.363219857E-2,6.478714943E-3,6.556252907E-1
5.817745500E0,-7.798956303E-1,7.837249719E-2,-2.034860283E-1,8.098061535E-1
5.827707500E0,-8.581921868E-1,1.196450689E-1,-2.771428192E-1,9.097345295E-1
5.837670500E0,-8.646662240E-1,1.247303192E-1,-2.770545262E-1,9.164957948E-1
5.847633500E0,-8.594658566E-1,-1.363439128E-2,-6.201556921E-3,8.595963672E-1
5.857595500E0,-8.629161523E-1,-4.823697098E-3,-6.529585719E-3,8.629543380E-1
5.867558500E0,-4.195024936E-1,2.766986500E-2,3.400459957E-1,5.407210397E-1
5.877521500E0,-8.434849776E-1,-8.716996204E-2,4.747149736E-1,9.718126444E-1
5.887484500E0,-8.358898100E-1,-8.138158400E-2,4.738805759E-1,9.643119499E-1
5.897446500E0,-1.748347593E0,-3.846854307E-1,4.454672009E-1,1.844761018E0
5.907409500E0,-1.881513983E0,-3.536923738E-1,3.535220736E-1,1.946836156E0
5.917372500E0,-1.679510224E0,-3.666966179E-1,2.202213442E-1,1.733123897E0
5.927334500E0,-1.468300462E0,-4.082691883E-1,1.093259758E-1,1.527920857E0
5.937297500E0,-1.455289823E0,-4.129752833E-1,1.088353944E-1,1.516661530E0
5.947260500E0,-6.399223508E-1,-5.390657745E-3,4.750687301E-2,6.417059897E-1
5.957223500E0,-1.786908372E-1,2.734742030E-1,-4.309514880E-2,3.295083411E-1
5.967185500E0,-1.691074701E-1,2.707936931E-1,-4.347054005E-2,3.222052894E-1
5.977148500E0,-5.208246909E-1,6.467071675E-2,-1.382106364E-2,5.250063639E-1
5.987111500E0,-5.143725808E-1,5.865817107E-2,-1.379650533E-2,5.178902167E-1
5.997073500E0,-6.863371101E-1,1.115524493E-2,-5.652795732E-2,6.887513907E-1
6.007036500E0,-7.869527811E-1,5.576964654E-2,-7.105477989E-2,7.921197604E-1
6.016999500E0,-9.947128317E-1,-3.140956141E-2,-6.147645593E-2,9.971055775E-1
6.026962500E0,-1.330400898E0,-6.173292942E-2,1.205695868E-3,1.331832931E0
6.036924500E0,-1.468449566E0,7.622583814E-2,-5.103742182E-2,1.471312110E0
6.046887500E0,-1.409667215E0,1.162764148E-1,-3.155163413E-1,1.449217866E0
6.056850500E0,-1.584747469E0,1.523679880E-1,-4.765831590E-1,1.661858012E0
6.066812500E0,-1.742099259E0,2.062272761E-1,-4.770567834E-1,1.817972137E0
6.076775500E0,-1.674964744E0,1.563364933E-1,-4.435615933E-1,1.739739889E0
6.086738500E0,-1.227459204E0,2.196393270E-1,-8.137985176E-1,1.489014963E0
6.096700500E0,-9.116819309E-1,3.359813768E-1,-8.374294549E-1,1.282706327E0
6.106663500E0,-8.391785033E-1,2.572793160E-1,-7.687767112E-1,1.166803685E0
6.116626500E0,-8.402238393E-1,2.436537686E-1,-8.712310392E-1,1.234660594E0
6.126589500E0,-7.587417928E-1,2.183603217E-1,-5.207974648E-1,9.458331447E-1
6.136551500E0,-6.616857605E-1,4.143929042E-2,-4.086619020E-2,6.642403977E-1